data_size,optimized_time,trades_x,return_pct_x,sharpe_x,baseline_time,trades_y,return_pct_y,sharpe_y,speed_improvement,speed_improvement_pct
1000,0.0267,6,39.25,0.625,0.15,6,39.25,0.625,4.617977528089887,461.7977528089887
2000,0.0264,13,132.01,0.832,0.28,13,132.01,0.832,9.606060606060607,960.6060606060607
5000,0.0442,31,404.19,0.693,0.65,31,404.19,0.693,13.705882352941176,1370.5882352941176
